id;name;phone;email
1;EXE Personal Loan Account;519-459-7711 x348;Francesca.Fritsch66@yahoo.com
2;Illinois;571-210-4123 x33638;Imani_Goodwin8@hotmail.com
3;panel indexing installation;(620) 534-0337 x4094;Jodie62@gmail.com
4;pink orange South Africa;(542) 806-9639 x80078;Mortimer_Quigley@yahoo.com
5;invoice Yen;793.582.1801 x50143;Estell_Murazik84@gmail.com
6;quantify capacitor solid state;584.795.5918 x736;Linwood_Bergnaum@hotmail.com
7;Incredible Cambridgeshire;412.693.3355 x17917;Frida65@hotmail.com
8;superstructure Practical Granite Shoes Ergonomic C;105-458-3112;Terence_Zieme@hotmail.com
9;Fantastic Cotton Table Euro Tunnel;541.231.4393 x840;Lucile48@yahoo.com
10;View Cayman Islands;(016) 254-1484 x716;Berneice_Pagac97@hotmail.com
