id;create_date;content
1;2020-09-18T05:21:26;../fake-data/blob/hipster.txt
2;2020-09-17T23:27:12;../fake-data/blob/hipster.txt
3;2020-09-17T07:39:48;../fake-data/blob/hipster.txt
4;2020-09-17T15:47:00;../fake-data/blob/hipster.txt
5;2020-09-17T20:12:13;../fake-data/blob/hipster.txt
6;2020-09-18T01:02:56;../fake-data/blob/hipster.txt
7;2020-09-17T14:14:57;../fake-data/blob/hipster.txt
8;2020-09-17T16:21:59;../fake-data/blob/hipster.txt
9;2020-09-17T12:26:14;../fake-data/blob/hipster.txt
10;2020-09-17T18:55:47;../fake-data/blob/hipster.txt
