id;technical_user_name;technical_password;signing_key;replacement_key
1;magenta Delaware;Central success Unbranded Granite Gloves;Unbranded asynchronous;invoice generate
2;Checking Account Louisiana;deposit Shoes;multi-tasking Plastic;payment Barbados Gold
3;compressing;enable;Row International;XSS Small
4;Cotton invoice;Handmade Concrete Pants indexing;scale portals;Consultant Handcrafted
5;plug-and-play solid state;product synergistic Computers;holistic SMTP e-business;Poland wireless core
6;port Tasty;National;whiteboard haptic;invoice Fantastic Metal
7;Engineer;UIC-Franc lime;Burundi Franc;bluetooth
8;Shirt;Identity Nakfa;Grass-roots;strategic Keyboard
9;Wall;Buckinghamshire;Canadian Dollar Mews optimize;functionalities
10;Greenland;back up Frozen;Ouguiya 24 hour Checking Account;Bedfordshire Ergonomic Steel Sausages Liberian Dollar
