id;title;family_name;first_name;other_names;preferred_name;birth_name;birth_place;birth_date;mothers_maiden_name;sex;sex_other;nationality;email_1;email_2;phone;ice_contact_name;ice_contact_phone
1;system-worthy De;infrastructures visionary;Talia;Accounts Circles hardware;Investor;synthesizing bluetooth Strategis;South Carolina Aruba port;2020-09-18;sexy calculating;OTHER_FEMALE;Multi-lateral di;magenta Orchestrator;"qc@,.p\2kL";"8`9@3'N&8.;u>g";"++986145";vortals Towels innovative;"+++38"
2;Handmade Steel B;neural Refined Metal Chicken wit;Lauretta;Credit Card Account user-facing ;Guyana Dollar;Practical recontextualize;synthesize;2020-09-18;protocol connecting PNG;FEMALE;violet coherent ;Ford Handmade;"l!i@4>.D";";Lei&@C%HKf.#~";"++8";gold invoice;"++08"
3;recontextualize ;algorithm transmitting Superviso;Jolie;intranet;Coordinator;Sleek Soft Chicken parsing;flexibility connecting;2020-09-17;silver internet solution Barbado;MALE;Fresh;Rubber payment;"};qdPk@[Q?.luN'H";"RU9\3@9#44.D";"+6649";Division Principal Avon;"++++7721"
4;Central;New Zealand Dollar Chief Florida;Destiney;Producer;Manager;maroon Avon;Sleek Plastic Analyst;2020-09-17;Credit Card Account invoice;FEMALE;wireless Outdoor;Chicken Supervisor solid state;"_Y0}CS@O*w/K.2D$pMO";"C-1XKr@/a%].Bsvah";"+7";neural;"++++47552"
5;Tactics content;Illinois;Selmer;Electronics;Wooden Extension;Checking Account navigating Chai;SSL;2020-09-18;Gorgeous Rubber Sausages;MALE;backing up Auto ;Borders payment redundant;"c$@nbA=Y.V0(R;j";"mnS@C.x";"+12";pixel Montana;"+++++2"
6;Chief payment De;partnerships Village;Autumn;Georgia generate Dale;Credit Card Acco;Money Market Account Consultant ;Operations;2020-09-17;Team-oriented explicit;OTHER_MALE;convergence;payment Savings Account;"1@bp.>.z";"p6@}%v)l.Ji}";"+++++8";Western Sahara Sleek Plastic Fish IB;"+++++20478"
7;scalable alarm;Unbranded Investment Account;Jean;eyeballs;lime 1080p Secur;Car deposit Antarctica (the terr;wireless;2020-09-17;models;OTHER_MALE;Human cross-medi;Fantastic;"o14GHq@7pX5C=.BR0";"#)@l6/#-.K\O";"++++8";Liaison bluetooth open-source;"+1283"
8;Chief help-desk;plum;Ezekiel;Rand Namibia Dollar;Research Fully-c;Guinea-Bissau bus;Rustic Granite;2020-09-17;orchid Pants;OTHER_FEMALE;Personal Loan Ac;Internal Direct black;"?o@8OHD%.JFigM";"KBMR>@8.]_kR";"++++69";turn-key Synergized Peso Uruguayo Uruguay Peso en Unidades Index;"++++679"
9;Credit Card Acco;invoice Liechtenstein;Adeline;brand;Plastic Sports;portals invoice Borders;Gloves interactive;2020-09-17;violet Home Loan Account Niger;OTHER_FEMALE;withdrawal neura;synthesizing Books Alaska;"b@>gq.ZT";"Wkz@Mu+TL.U^=_,";"++43123";system-worthy Towels leverage;"++6024"
10;Internal;Shoes;Tristin;fuchsia Mauritius withdrawal;Borders;time-frame;local Data Keyboard;2020-09-18;National Clothing Sleek Wooden F;MALE;Grocery silver b;24/7 Human;"/QavW@jr.\U,";"U}$T<m@M.U";"++++++48807";syndicate Ports;"+8"
