id;event;log;time
1;Berkshire;Denmark Response;2020-09-17T17:28:45
2;circuit;Fantastic Cotton Keyboard Automotive primary;2020-09-18T01:41:15
3;Sleek Concrete Salad project;Metal;2020-09-17T20:44:44
4;Highway;transmitter;2020-09-17T16:40:09
5;Minnesota;Frozen;2020-09-17T16:04:22
6;Borders Algeria;Incredible override best-of-breed;2020-09-17T14:27:58
7;connect channels;Fully-configurable Web bypassing;2020-09-18T01:29:31
8;Handcrafted forecast;Identity;2020-09-17T18:16:49
9;International;capacity Jamaican Dollar;2020-09-18T06:42:34
10;Unbranded Plastic Mouse bus;Sports cross-platform leading edge;2020-09-18T05:01:02
